<?xml version="1.0" encoding="UTF-8" standalone="yes"?>
<addon id="boredom1234" name="boredom1234.github.io" version="2.0" provider-name="boredom1234">
    <extension point="xbmc.addon.repository" name="Example Repository">
        <dir>
            <info compressed="false">https://raw.githubusercontent.com/boredom1234/boredom1234.github.io/master/repo/zips/addons.xml</info>
            <checksum>https://raw.githubusercontent.com/boredom1234/boredom1234.github.io/master/repo/zips/addons.xml.md5</checksum>
            <datadir zip="true">https://raw.githubusercontent.com/boredom1234/boredom1234.github.io/master/repo/zips/</datadir>
        </dir>
    </extension>
    <extension point="xbmc.addon.metadata">
        <summary>boredom1234.github.io</summary>
        <description>boredom1234.github.io</description>
        <disclaimer></disclaimer>
        <platform>all</platform>
        <assets>
            <icon>icon.png</icon>
            <fanart>fanart.jpg</fanart>
        </assets>
    </extension>
</addon>